[{
    "_id": 31,
    "url": "https://media1.giphy.com/media/h6Zm9Rxh3NSqA7Vftw/200.gif?cid=6d87c7c2j1cniq7wqynkaw6lbf3fa8nhdxsq50uiy403x3h6&ep=v1_gifs_search&rid=200.gif&ct=g",
    "category": "Sports",
    "title": "London Yes GIF by Lord's Cricket Ground",
    "count":0
    },
 {
    "_id": 32,
    "url": "https://media4.giphy.com/media/11R5KYi6ZdP8Z2/200.gif?cid=6d87c7c2j1cniq7wqynkaw6lbf3fa8nhdxsq50uiy403x3h6&ep=v1_gifs_search&rid=200.gif&ct=g",
    "category": "Sports",
    "title": "Awkward Cricket GIF",
    "count":0

    },
 {
    "_id": 33,
    "url": "https://media0.giphy.com/media/sZKJs3pnDpZv2/200.gif?cid=6d87c7c2j1cniq7wqynkaw6lbf3fa8nhdxsq50uiy403x3h6&ep=v1_gifs_search&rid=200.gif&ct=g",
    "category": "Sports",
    "title": "jiminy cricket GIF",
    "count":0

    },
 {
    "_id": 34,
    "url": "https://media3.giphy.com/media/gl7CaUU9sIE6krtgiA/200.gif?cid=6d87c7c2j1cniq7wqynkaw6lbf3fa8nhdxsq50uiy403x3h6&ep=v1_gifs_search&rid=200.gif&ct=g",
    "category": "Sports",
    "title": "Happy Pakistan Cricket GIF by Lord's Cricket Ground",
    "count":0

    },
 {
    "_id": 35,
    "url": "https://media3.giphy.com/media/GFI3mxEhuG6Nq/200.gif?cid=6d87c7c2j1cniq7wqynkaw6lbf3fa8nhdxsq50uiy403x3h6&ep=v1_gifs_search&rid=200.gif&ct=g",
    "category": "Sports",
    "title": "cricket GIF",
    "count":0

    },
 {
    "_id": 36,
    "url": "https://media1.giphy.com/media/18PCwPmKQHaQv3MAMs/200.gif?cid=6d87c7c2j1cniq7wqynkaw6lbf3fa8nhdxsq50uiy403x3h6&ep=v1_gifs_search&rid=200.gif&ct=g",
    "category": "Sports",
    "title": "One Family Cricket GIF by Mumbai Indians",
    "count":0
    
    },
 {
    "_id": 37,
    "url": "https://media1.giphy.com/media/AnjOfHOjhPSBq/200.gif?cid=6d87c7c2j1cniq7wqynkaw6lbf3fa8nhdxsq50uiy403x3h6&ep=v1_gifs_search&rid=200.gif&ct=g",
    "category": "Sports",
    "title": "cricket GIF",
    "count":0

    },
 {
    "_id": 38,
    "url": "https://media0.giphy.com/media/NitUKhyVlDseQ/200.gif?cid=6d87c7c2j1cniq7wqynkaw6lbf3fa8nhdxsq50uiy403x3h6&ep=v1_gifs_search&rid=200.gif&ct=g",
    "category": "Sports",
    "title": "cricket GIF",
    "count":0

    },
 {
    "_id": 39,
    "url": "https://media4.giphy.com/media/lqe50lZwe90X5OHRAX/200.gif?cid=6d87c7c2j1cniq7wqynkaw6lbf3fa8nhdxsq50uiy403x3h6&ep=v1_gifs_search&rid=200.gif&ct=g",
    "category": "Sports",
    "title": "One Family Cricket GIF by Mumbai Indians",
    "count":0

    },
 {
    "_id": 40,
    "url": "https://media0.giphy.com/media/Og9vxNnleTOuI/200.gif?cid=6d87c7c2j1cniq7wqynkaw6lbf3fa8nhdxsq50uiy403x3h6&ep=v1_gifs_search&rid=200.gif&ct=g",
    "category": "Sports",
    "title": "hugh jackman cricket GIF",
    "count":0

    },
 {
    "_id": 41,
    "url": "https://media2.giphy.com/media/ToMjGpMY42IsKOhCaA0/200.gif?cid=6d87c7c2j1cniq7wqynkaw6lbf3fa8nhdxsq50uiy403x3h6&ep=v1_gifs_search&rid=200.gif&ct=g",
    "category": "Sports",
    "title": "cricket GIF by ONE World Sports",
    "count":0

    },
 {
    "_id": 42,
    "url": "https://media4.giphy.com/media/fJaN153DorN96/200.gif?cid=6d87c7c2j1cniq7wqynkaw6lbf3fa8nhdxsq50uiy403x3h6&ep=v1_gifs_search&rid=200.gif&ct=g",
    "category": "Sports",
    "title": "cricket GIF",
    "count":0

    },
 {
    "_id": 43,
    "url": "https://media4.giphy.com/media/BJVJxagR3GG4w/200.gif?cid=6d87c7c2j1cniq7wqynkaw6lbf3fa8nhdxsq50uiy403x3h6&ep=v1_gifs_search&rid=200.gif&ct=g",
    "category": "Sports",
    "title": "Janet Jackson Reaction GIF",
    "count":0

    },
 {
    "_id": 44,
    "url": "https://media1.giphy.com/media/CuwOnvNWv05awJzLPa/200.gif?cid=6d87c7c2j1cniq7wqynkaw6lbf3fa8nhdxsq50uiy403x3h6&ep=v1_gifs_search&rid=200.gif&ct=g",
    "category": "Sports",
    "title": "Blast Batting GIF by Somerset County Cricket Club",
    "count":0

    },
 {
    "_id": 45,
    "url": "https://media2.giphy.com/media/eiphLkcIFBJe0/200.gif?cid=6d87c7c2j1cniq7wqynkaw6lbf3fa8nhdxsq50uiy403x3h6&ep=v1_gifs_search&rid=200.gif&ct=g",
    "category": "Sports",
    "title": "angry jiminy cricket GIF",
    "count":0
    
    },
    
    {
        "_id": 1,
        "url": "https://media4.giphy.com/media/3o7rc0qU6m5hneMsuc/200.gif?cid=6d87c7c2psqixw6oapm1re2dfgjkgxqx4yo88saf7gj8jsae&ep=v1_gifs_search&rid=200.gif&ct=g",
        "category": "movies",
        "title": "National Popcorn Day GIF by Angry Birds",
        "count":0
    },
{
    "_id": 2,
        "url": "https://media4.giphy.com/media/EqjqXkrEb9XNEJam1A/200.gif?cid=6d87c7c2psqixw6oapm1re2dfgjkgxqx4yo88saf7gj8jsae&ep=v1_gifs_search&rid=200.gif&ct=g",
        "category": "movies",
        "title": "Movie Theater Reaction GIF by CBS",
        "count":0
    },
{
    "_id": 3,
        "url": "https://media4.giphy.com/media/VxbP9tLeKzazm/200.gif?cid=6d87c7c2psqixw6oapm1re2dfgjkgxqx4yo88saf7gj8jsae&ep=v1_gifs_search&rid=200.gif&ct=g",
        "category": "movies",
        "title": "Black And White Movie GIF",
        "count":0
    },
{
    "_id": 4,
        "url": "https://media3.giphy.com/media/20PyJGTiUqO6ZIhRuk/200.gif?cid=6d87c7c2psqixw6oapm1re2dfgjkgxqx4yo88saf7gj8jsae&ep=v1_gifs_search&rid=200.gif&ct=g",
        "category": "movies",
        "title": "The Ring Film GIF by Arrow Video",
        "count":0
    },
{
    "_id": 5,
        "url": "https://media1.giphy.com/media/SWN6nYgyodVKw/200.gif?cid=6d87c7c2psqixw6oapm1re2dfgjkgxqx4yo88saf7gj8jsae&ep=v1_gifs_search&rid=200.gif&ct=g",
        "category": "movies",
        "title": "Breakfast Club Movie GIF by Universal Pictures Home Entertainment",
        "count":0
    },
{
    "_id": 6,
        "url": "https://media1.giphy.com/media/EOWRjezJA6yePB0PSv/200.gif?cid=6d87c7c2psqixw6oapm1re2dfgjkgxqx4yo88saf7gj8jsae&ep=v1_gifs_search&rid=200.gif&ct=g",
        "category": "movies",
        "title": "Clive Barker Film GIF by Arrow Video",
        "count":0
    },
{
    "_id": 7,
        "url": "https://media3.giphy.com/media/YNhL4dbtUzt8xgHMlp/200.gif?cid=6d87c7c2psqixw6oapm1re2dfgjkgxqx4yo88saf7gj8jsae&ep=v1_gifs_search&rid=200.gif&ct=g",
        "category": "movies",
        "title": "Lets Go Film GIF by Arrow Video",
        "count":0
    },
{
    "_id": 8,
        "url": "https://media1.giphy.com/media/26Ff3DaJ1zWk97lV6/200.gif?cid=6d87c7c2psqixw6oapm1re2dfgjkgxqx4yo88saf7gj8jsae&ep=v1_gifs_search&rid=200.gif&ct=g",
        "category": "movies",
        "title": "Pennywise The Clown Horror GIF by IT Movie",
        "count":0
    },
{
    "_id": 9,
        "url": "https://media2.giphy.com/media/JjLylCKqqQs5q/200.gif?cid=6d87c7c2psqixw6oapm1re2dfgjkgxqx4yo88saf7gj8jsae&ep=v1_gifs_search&rid=200.gif&ct=g",
        "category": "movies",
        "title": "Tom Hanks Movie GIF by The Good Films",
        "count":0
    },
{
    "_id": 10,
        "url": "https://media1.giphy.com/media/l0HlNEVlOBTV8X4ha/200.gif?cid=6d87c7c2psqixw6oapm1re2dfgjkgxqx4yo88saf7gj8jsae&ep=v1_gifs_search&rid=200.gif&ct=g",
        "category": "movies",
        "title": "movie theater GIF by Warner Archive",
        "count":0
    },
{
    "_id": 11,
        "url": "https://media0.giphy.com/media/3ornjJSq2s9xznhO80/200.gif?cid=6d87c7c2psqixw6oapm1re2dfgjkgxqx4yo88saf7gj8jsae&ep=v1_gifs_search&rid=200.gif&ct=g",
        "category": "movies",
        "title": "The Chosen One Movie GIF by Star Wars",
        "count":0
    },
{
    "_id": 12,
        "url": "https://media2.giphy.com/media/yZjcNgKGCYfJu/200.gif?cid=6d87c7c2psqixw6oapm1re2dfgjkgxqx4yo88saf7gj8jsae&ep=v1_gifs_search&rid=200.gif&ct=g",
        "category": "movies",
        "title": "Disgusted Jim Carrey GIF",
        "count":0
    },
{
    "_id": 13,
        "url": "https://media4.giphy.com/media/3otPoO3fcMX0cjzMli/200.gif?cid=6d87c7c2psqixw6oapm1re2dfgjkgxqx4yo88saf7gj8jsae&ep=v1_gifs_search&rid=200.gif&ct=g",
        "category": "movies",
        "title": "Set It Off Movie GIF by filmeditor",
        "count":0
    },
{
    "_id": 14,
        "url": "https://media0.giphy.com/media/XyAGm96eUIPsc/200.gif?cid=6d87c7c2psqixw6oapm1re2dfgjkgxqx4yo88saf7gj8jsae&ep=v1_gifs_search&rid=200.gif&ct=g",
        "category": "movies",
        "title": "Dance It Movie GIF",
        "count":0
    },
{
    "_id": 15,
        "url": "https://media2.giphy.com/media/hZS7vO0WgMwAmFZ8Wn/200.gif?cid=6d87c7c2psqixw6oapm1re2dfgjkgxqx4yo88saf7gj8jsae&ep=v1_gifs_search&rid=200.gif&ct=g",
        "category": "movies",
        "title": "Wall Street Dance GIF by Imagine Dragons",
        "count":0
    },
    
    {
        "url": "https://media3.giphy.com/media/K4x1ZL36xWCf6/200.gif?cid=6d87c7c23gf6h18mqxn1l3a3l6sne1sqw8bje9drpzomg6du&ep=v1_gifs_search&rid=200.gif&ct=g",
        "title": "Food Eating GIF by SpongeBob SquarePants",
        "category": "food",
        "_id": 16,
        "count":0
    },
{
        "url": "https://media0.giphy.com/media/eSQKNSmg07dHq/200.gif?cid=6d87c7c23gf6h18mqxn1l3a3l6sne1sqw8bje9drpzomg6du&ep=v1_gifs_search&rid=200.gif&ct=g",
        "title": "Hungry Full House GIF",
        "category": "food",
        "_id": 17,
        "count":0
    },
{
        "url": "https://media3.giphy.com/media/EDV30lQQ9VW5q/200.gif?cid=6d87c7c23gf6h18mqxn1l3a3l6sne1sqw8bje9drpzomg6du&ep=v1_gifs_search&rid=200.gif&ct=g",
        "title": "Hungry Martin Lawrence GIF",
        "category": "food",
        "_id": 18,
        "count":0
    },
{
        "url": "https://media3.giphy.com/media/GnCc88zZhSVUc/200.gif?cid=6d87c7c23gf6h18mqxn1l3a3l6sne1sqw8bje9drpzomg6du&ep=v1_gifs_search&rid=200.gif&ct=g",
        "title": "Hungry Feed Me GIF",
        "category": "food",
        "_id": 19,
        "count":0
    },
{
        "url": "https://media2.giphy.com/media/jKaFXbKyZFja0/200.gif?cid=6d87c7c23gf6h18mqxn1l3a3l6sne1sqw8bje9drpzomg6du&ep=v1_gifs_search&rid=200.gif&ct=g",
        "title": "Excited Winnie The Pooh GIF",
        "category": "food",
        "_id": 20,
        "count":0
    },
{
        "url": "https://media1.giphy.com/media/daLw3QnTCkDjG/200.gif?cid=6d87c7c23gf6h18mqxn1l3a3l6sne1sqw8bje9drpzomg6du&ep=v1_gifs_search&rid=200.gif&ct=g",
        "title": "Hungry Homer Simpson GIF",
        "category": "food",
        "_id": 21,
        "count":0
    },
{
        "url": "https://media3.giphy.com/media/yeOrLvMN1dWta/200.gif?cid=6d87c7c23gf6h18mqxn1l3a3l6sne1sqw8bje9drpzomg6du&ep=v1_gifs_search&rid=200.gif&ct=g",
        "title": "Hungry Dinner GIF",
        "category": "food",
        "_id": 22,
        "count":0
    },
{
        "url": "https://media1.giphy.com/media/6t5gCSNcPBR5K/200.gif?cid=6d87c7c23gf6h18mqxn1l3a3l6sne1sqw8bje9drpzomg6du&ep=v1_gifs_search&rid=200.gif&ct=g",
        "title": "Philip Seymour Hoffman Food GIF",
        "category": "food",
        "_id": 23,
        "count":0
    },
{
        "url": "https://media4.giphy.com/media/QcierOnRPfd29bG1gB/200.gif?cid=6d87c7c23gf6h18mqxn1l3a3l6sne1sqw8bje9drpzomg6du&ep=v1_gifs_search&rid=200.gif&ct=g",
        "title": "Hungry Food Fight GIF by Chubbiverse",
        "category": "food",
        "_id": 24,
        "count":0
    },
{
        "url": "https://media3.giphy.com/media/xTiTnrliW65rlwud8I/200.gif?cid=6d87c7c23gf6h18mqxn1l3a3l6sne1sqw8bje9drpzomg6du&ep=v1_gifs_search&rid=200.gif&ct=g",
        "title": "Hungry Chocolate Cake GIF",
        "category": "food",
        "_id": 25,
        "count":0
    },
{
        "url": "https://media0.giphy.com/media/SasDDqOSRclNu/200.gif?cid=6d87c7c23gf6h18mqxn1l3a3l6sne1sqw8bje9drpzomg6du&ep=v1_gifs_search&rid=200.gif&ct=g",
        "title": "Mr Bean Eating GIF",
        "category": "food",
        "_id": 26,
        "count":0
    },
{
        "url": "https://media3.giphy.com/media/DITaUdrnjzw4g/200.gif?cid=6d87c7c23gf6h18mqxn1l3a3l6sne1sqw8bje9drpzomg6du&ep=v1_gifs_search&rid=200.gif&ct=g",
        "title": "Hungry Art GIF",
        "category": "food",
        "_id": 27,
        "count":0
    },
{
        "url": "https://media2.giphy.com/media/3o6MbnvuZWdgL2JI88/200.gif?cid=6d87c7c23gf6h18mqxn1l3a3l6sne1sqw8bje9drpzomg6du&ep=v1_gifs_search&rid=200.gif&ct=g",
        "title": "Hungry Season 3 GIF by The Simpsons",
        "category": "food",
        "_id": 28,
        "count":0
    },
{
        "url": "https://media3.giphy.com/media/KZVILnTgM8bAs/200.gif?cid=6d87c7c23gf6h18mqxn1l3a3l6sne1sqw8bje9drpzomg6du&ep=v1_gifs_search&rid=200.gif&ct=g",
        "title": "make love sexo GIF by haydiroket (Mert Keskin)",
        "category": "food",
        "_id": 29,
        "count":0
    },
{
        "url": "https://media3.giphy.com/media/3oriNOevPgG4zP1CDK/200.gif?cid=6d87c7c23gf6h18mqxn1l3a3l6sne1sqw8bje9drpzomg6du&ep=v1_gifs_search&rid=200.gif&ct=g",
        "title": "Viva Mexico Animation GIF by Yasislas",
        "category": "food",
        "_id": 30,
        "count":0
    }

]